MoinMoinPackage|1
ReplaceUnderlay|CategoryCollection|CategoryCollection
ReplaceUnderlay|CategoryJournal|CategoryJournal
ReplaceUnderlay|CategoryJournalEntry|CategoryJournalEntry
ReplaceUnderlay|Journal|Journal
ReplaceUnderlay|JournalTemplate|JournalTemplate
ReplaceUnderlay|JournalEntryTemplate|JournalEntryTemplate
DelAttachment|journal.png|Journal
AddAttachment|journal.png|journal.png|Journal
ReplaceUnderlay|CategoryGallery|CategoryGallery
ReplaceUnderlay|GalleryTemplate|GalleryTemplate
DelAttachment|gallery.png|GalleryTemplate
AddAttachment|gallery.png|gallery.png|GalleryTemplate
ReplaceUnderlay|CategoryGroup|CategoryGroup
ReplaceUnderlay|Groups|Groups
ReplaceUnderlay|FacilitatedGroupTemplate|FacilitatedGroupTemplate
ReplaceUnderlay|PrivateGroupTemplate|PrivateGroupTemplate
ReplaceUnderlay|PublicGroupTemplate|PublicGroupTemplate
DelAttachment|groups.png|Groups
AddAttachment|groups.png|groups.png|Groups
ReplaceUnderlay|CategoryRawSlide|CategoryRawSlide
ReplaceUnderlay|CategorySlideShow|CategorySlideShow
ReplaceUnderlay|Presentations|Presentations
ReplaceUnderlay|RawSlideTemplate|RawSlideTemplate
ReplaceUnderlay|SlideShowTemplate|SlideShowTemplate
ReplaceUnderlay|SlideTemplate|SlideTemplate
DelAttachment|presentations.png|Presentations
AddAttachment|presentations.png|presentations.png|Presentations
ReplaceUnderlay|CategoryPerson|CategoryPerson
ReplaceUnderlay|People|People
ReplaceUnderlay|PersonTemplate|PersonTemplate
DelAttachment|people.png|People
AddAttachment|people.png|people.png|People
ReplaceUnderlay|CategoryOrganisation|CategoryOrganisation
ReplaceUnderlay|Organisations|Organisations
ReplaceUnderlay|OrganisationTemplate|OrganisationTemplate
DelAttachment|organisations.png|Organisations
AddAttachment|organisations.png|organisations.png|Organisations
